{"version":1,"lastPerfBoundaries":[0.001,0.002,0.004,0.006,0.008,0.01,0.015,0.02,0.03,0.05,0.07,0.1,0.15,0.25,"+Inf"],"log":[{"ts":1763181748124,"type":"svBoot","duration":3},{"ts":1763181821803,"type":"data","players":0,"fxsMemory":388.69,"nodeMemory":28.47,"perf":{"svSync":{"count":8052,"buckets":[8014,11,11,11,3,0,2,0,0,0,0,0,0,0,0],"sum":0.4360000000000003},"svNetwork":{"count":6554,"buckets":[6510,16,16,7,2,1,1,0,0,1,0,0,0,0,0],"sum":0.5420000000000004},"svMain":{"count":1127,"buckets":[1089,7,14,9,1,0,3,0,0,0,1,0,0,0,3],"sum":13.80799999999992}}},{"ts":1763182539394,"type":"svBoot","duration":4},{"ts":1763182593472,"type":"data","players":0,"fxsMemory":375.23,"nodeMemory":28.12,"perf":{"svSync":{"count":6738,"sum":0.1550000000000001,"buckets":[6738,0,0,0,0,0,0,0,0,0,0,0,0,0,0]},"svNetwork":{"count":5461,"sum":0.1530000000000001,"buckets":[5460,0,0,0,0,0,1,0,0,0,0,0,0,0,0]},"svMain":{"count":1065,"sum":0.4700000000000002,"buckets":[1060,1,2,0,0,0,0,0,0,1,0,0,0,1,0]}}}]}